Dataset,RMSE,MAE,MAPE
train,4749.236247551944,3599.132098822614,4.821352713874884
test,35622.89493618303,33692.884630338864,20.8282738953212
