Dataset,RMSE,MAE,MAPE
train,8302.551742765427,6294.8974838645745,8.5922931639315
test,32271.892419957203,29835.07725926002,18.41840357984987
