Dataset,RMSE,MAE,MAPE
train,10330.247042495264,7838.741593216649,10.800518339360547
test,30638.09109799539,28423.77549262992,17.536246504586153
