Dataset,RMSE,MAE,MAPE
train,5333.204188458145,4041.64420402922,5.4296095501709845
test,36640.29369144049,34751.79638651,21.470179434543397
