Dataset,RMSE,MAE,MAPE
train,3709.8695627446587,2822.766719673206,3.7246221463251703
test,38998.37116787015,36553.13641538696,22.495695788577503
