Dataset,RMSE,MAE,MAPE
train,7524.160622026202,5612.756501629163,7.675047978628326
test,34472.448627336336,32293.13243093229,19.902332771193628
