Dataset,RMSE,MAE,MAPE
train,8950.239764747257,6781.098679455048,9.316885068813278
test,30517.718418208664,28309.331150031638,17.454216946911203
