Dataset,RMSE,MAE,MAPE
train,5618.917743316163,4273.8205250681995,5.774518483062073
test,32317.229800086705,30167.124227617805,18.603404184693144
