Dataset,RMSE,MAE,MAPE
train,4151.22856127158,3122.6253671611344,4.223600887641252
test,34661.46961317974,32159.127698109067,19.886023809694176
